<?xml version="1.0" encoding="UTF-8"?>
<project-private xmlns="http://www.netbeans.org/ns/project-private/1">
    <editor-bookmarks xmlns="http://www.netbeans.org/ns/editor-bookmarks/2" lastBookmarkId="0"/>
    <open-files xmlns="http://www.netbeans.org/ns/projectui-open-files/2">
        <group>
            <file>file:/D:/!netbeans%20Project/Kasir-master/Kasir-master/Documents/NetBeansProjects/ApkKasir/src/dao/DAO_barang.java</file>
            <file>file:/D:/!netbeans%20Project/Kasir-master/Kasir-master/Documents/NetBeansProjects/ApkKasir/src/tableModel/TM_barang.java</file>
            <file>file:/D:/!netbeans%20Project/Kasir-master/Kasir-master/Documents/NetBeansProjects/ApkKasir/src/main/SQLException.java</file>
            <file>file:/D:/!netbeans%20Project/Kasir-master/Kasir-master/Documents/NetBeansProjects/ApkKasir/src/config/koneksi.java</file>
            <file>file:/D:/!netbeans%20Project/Kasir-master/Kasir-master/Documents/NetBeansProjects/ApkKasir/src/main/Menu_Utama.java</file>
            <file>file:/D:/!netbeans%20Project/Kasir-master/Kasir-master/Documents/NetBeansProjects/ApkKasir/src/main/PreparedStatement.java</file>
            <file>file:/D:/!netbeans%20Project/Kasir-master/Kasir-master/Documents/NetBeansProjects/ApkKasir/src/main/formProfileKasir.java</file>
            <file>file:/D:/!netbeans%20Project/Kasir-master/Kasir-master/Documents/NetBeansProjects/ApkKasir/src/model/M_barang.java</file>
            <file>file:/D:/!netbeans%20Project/Kasir-master/Kasir-master/Documents/NetBeansProjects/ApkKasir/src/service/S_Barang.java</file>
            <file>file:/D:/!netbeans%20Project/Kasir-master/Kasir-master/Documents/NetBeansProjects/ApkKasir/src/main/FormBarang.java</file>
            <file>file:/D:/!netbeans%20Project/Kasir-master/Kasir-master/Documents/NetBeansProjects/ApkKasir/src/main/MenuItem.java</file>
        </group>
    </open-files>
</project-private>
